{
  "traffic": {
    "requestCount": 0.7731030971358215,
    "hour": 0.1182611388951583,
    "day": 0.0343574746871152,
    "cacheHitRatio": 0.028145630390451648,
    "duplicateRate": 0.025074440787677083,
    "mergeRate": 0.021058218103776165
  },
  "latency": {
    "requestCount": 0.9722194091621748,
    "mergeRate": 0.009883006980235162,
    "duplicateRate": 0.009146130433924668,
    "cacheHitRatio": 0.008751453423665444
  },
  "cache": {
    "duplicateRate": 0.41826539379140965,
    "requestCount": 0.35586121467069964,
    "hour": 0.1638428859437656,
    "endpoint": 0.06203050559412511
  }
}